
{
  "game options":{
    "starting resources":[{"id":"food", "quantity":500},
                          {"id":"wood", "quantity":500},
                          {"id":"rocket parts", "quantity": 0},
                          {"id":"cable", "quantity": 0},
                          {"id":"metal", "quantity": 0},
                          {"id":"concrete", "quantity": 0}],
    "movement points": 64
  },
  "terrain":[
    {
      "id": "water",
      "display name": "Water",
      "img": "data/water.png",
      "low img": "data/water_low.png",
      "weighting": 0,
      "movement cost": 16
    },
    {
      "id": "sand",
      "display name": "Desert",
      "img": "data/sand.png",
      "weighting": 1,
      "movement cost": 12
    },
    {
      "id": "grass",
      "display name": "Grassland",
      "img": "data/grass.png",
      "weighting": 3,
      "movement cost": 8
    },
    {
      "id": "forest",
      "display name": "Forest",
      "img": "data/forest.png",
      "img3d": "data/grass.png",
      "low img": "data/forest_low.png",
      "weighting": 2,
      "movement cost": 12
    },
    {
      "id": "hills",
      "display name": "Hills",
      "img": "data/hill.png",
      "weighting": 0,
      "movement cost": 28
    },
  ],

  "tasks":[
    {
      "id": "Rest",
      "description": "This is the default state for parties\nParties can only move when they are resting.",
      "consumption":[
        {"id": "food","quantity":0.1}
      ],
      "production":[
        {"id": "civilians","quantity":0.02}
      ]
    },
    {
      "id": "Demolish",
      "description": "Demolish the building on this tile.",
      "img": "data/task_demolish.png",
      "consumption":[
        {"id": "food","quantity":0.2}
      ],
      "action":{
        "type": "Demolish",
        "notification": "Building Demolished",
        "turns": 3,
        "building": ""
      }
    },
    {
      "id": "Build Farm",
      "description": "Farms can produce food, which units need to survive.",
      "img": "data/task_construction.png",
      "type": "building",
      "buildings":[],
      "terrain": ["grass"],
      "consumption":[
        {"id": "food","quantity":0.2}
      ],
      "initial cost": [{"id":"wood", "quantity":100}],
      "action":{
        "type": "Build Farm",
        "notification": "Farm Built",
        "turns": 3,
        "building": "Farm"
      }
    },
    {
      "id": "Build Sawmill",
      "description": "Farms can produce wood, which can be\nused to create buildings and work farms.",
      "img": "data/task_construction.png",
      "type": "building",
      "buildings":[],
      "terrain": ["forest"],
      "consumption":[
        {"id": "food","quantity":0.2}
      ],
      "initial cost": [{"id":"wood", "quantity":200}],
      "action":{
        "type": "Build Sawmill",
        "notification": "Sawmill Built",
        "turns": 5,
        "building": "Sawmill",
        "terrain": "grass"
      },
    },
    {
      "id": "Build Homes",
      "description": "Homes can produce civilians, which are the basic unit.",
      "img": "data/task_construction.png",
      "type": "building",
      "buildings":[],
      "terrain": ["grass", "sand"],
      "consumption":[
        {"id": "food","quantity":0.2}
      ],
      "initial cost": [{"id":"wood", "quantity":200}],
      "action":{
        "type": "Build Homes",
        "notification": "Homes Built",
        "turns": 3,
        "building": "Homes"
      }
    },
    {
      "id": "Build Factory",
      "description": "Factories can produce concrete and cable.",
      "img": "data/task_construction.png",
      "type": "building",
      "buildings":[],
      "terrain": ["grass", "sand"],
      "consumption":[
        {"id": "food","quantity":0.2}
      ],
      "initial cost": [{"id":"wood", "quantity":2000},
                       {"id":"metal", "quantity":1000}],
      "action":{
        "type": "Build Factory",
        "notification": "Factory Built",
        "turns": 8,
        "building": "Factory"
      }
    },
    {
      "id": "Build Mine",
      "description": "Mines can produce ore, which can be smelted into metal.",
      "img": "data/task_construction.png",
      "type": "building",
      "buildings":[],
      "terrain": ["hills"],
      "consumption":[
        {"id": "food","quantity":0.2}
      ],
      "initial cost": [{"id":"wood", "quantity":500}],
      "action":{
        "type": "Build Mine",
        "notification": "Mine Built",
        "turns": 6,
        "building": "Mine"
      }
    },
    {
      "id": "Build Smelter",
      "description": "Smelters can produce metal from ore.",
      "img": "data/task_construction.png",
      "type": "building",
      "buildings":[],
      "terrain": ["grass", "sand"],
      "consumption":[
        {"id": "food","quantity":0.2}
      ],
      "initial cost": [
        {"id":"wood", "quantity":200},
        {"id":"stone", "quantity":300}
      ],
      "action":{
        "type": "Build Smelter",
        "notification": "Smelter Built",
        "turns": 8,
        "building": "Smelter"
      }
    },
    {
      "id": "Build Quarry",
      "description": "Quarries can mine stone.",
      "img": "data/task_construction.png",
      "type": "building",
      "buildings":[],
      "terrain": ["grass", "sand", "hill"],
      "consumption":[
        {"id": "food","quantity":0.2}
      ],
      "initial cost": [{"id":"wood", "quantity":200}],
      "action":{
        "type": "Build Quarry",
        "notification": "Quarry Built",
        "turns": 4,
        "building": "Quarry"
      }
    },
    {
      "id": "Build Big Factory",
      "description": "Big Factories can produce rocket parts,\nwhich allow you to build a rocket.",
      "img": "data/task_construction.png",
      "type": "building",
      "buildings":[],
      "terrain": ["grass", "sand"],
      "consumption":[
        {"id": "food","quantity":0.2}
      ],
      "initial cost": [{"id":"wood", "quantity":1000},
                       {"id":"metal", "quantity":5000}],
      "action":{
        "type": "Build Big Factory",
        "notification": "Big Factory Built",
        "turns": 12,
        "building": "Big Factory"
      }
    },
    {
      "id": "Build Rocket Factory",
      "description": "Rocket Factories can produce Rockets, which allows you to win.",
      "img": "data/task_construction.png",
      "type": "building",
      "buildings":[],
      "terrain": ["grass", "sand"],
      "consumption":[
        {"id": "food","quantity":0.2}
      ],
      "initial cost": [{"id":"wood", "quantity":3000},
                       {"id":"metal", "quantity":10000}],
      "action":{
        "type": "Build Rocket Factory",
        "notification": "Rocket Factory Built",
        "turns": 18,
        "building": "Rocket Factory"
      }
    },
    {
      "id": "Defend",
      "description": "Defending increases the strength of the party in battle.",
      "img": "data/task_defend.png",
      "consumption":[
        {"id": "food","quantity":0.2}
      ],
      "movement points": 32,
      "strength": 3
    },
    {
      "id": "Battle",
      "description": "This party is currently engaged in battle.",
      "consumption":[
        {"id": "food","quantity":0.2}
      ],
      "auto enabled": true
    },
    {
      "id": "Super Rest",
      "description": "Super Rest produces civilians faster than rest.",
      "img": "data/task_super_rest.png",
      "consumption":[
        {"id": "food","quantity":0.6}
      ],
      "production": [{"id": "civilians", "quantity":0.1}],
      "buildings": ["Homes"]
    },
    {
      "id": "Clear Forest",
      "description": "Clear a forrest tile and add 100 wood to stockpile.",
      "img": "data/task_clear_forest.png",
      "consumption":[
        {"id": "food","quantity":0.2}
      ],
      "terrain":["forest"],
      "action":{
        "type": "Clear Forest",
        "notification": "Forest Cleared",
        "turns": 2,
        "terrain": "grass"
      },
      "buildings": []
    },
    {
      "id": "Work Farm",
      "description": "Produce food from farm.",
      "img": "data/task_farm.png",
      "production":[
        {"id": "food","quantity":0.3}
      ],
      "consumption":[
        {"id": "wood","quantity":0.01}
      ],
      "buildings":["Farm"]
    },
    {
      "id": "Produce Stone",
      "img": "data/task_produce.png",
      "production":[
        {"id": "stone","quantity":0.5}
      ],
      "consumption":[
        {"id": "food","quantity":0.2},
        {"id": "wood","quantity":0.02}
      ],
      "buildings":["Quarry"]
    },
    {
      "id": "Produce Ore",
      "img": "data/task_produce.png",
      "production":[
        {"id": "ore","quantity":0.1}
      ],
      "consumption":[
        {"id": "food","quantity":0.2},
        {"id": "wood","quantity":0.02}
      ],
      "buildings":["Mine"]
    },
    {
      "id": "Produce Metal",
      "img": "data/task_produce.png",
      "production":[
        {"id": "metal","quantity":0.1}
      ],
      "consumption":[
        {"id": "food","quantity":0.2},
        {"id": "wood","quantity":0.02},
        {"id": "ore","quantity":0.1}
      ],
      "buildings":["Smelter"]
    },
    {
      "id": "Produce Concrete",
      "img": "data/task_produce.png",
      "production":[
        {"id": "concrete","quantity":0.05}
      ],
      "consumption":[
        {"id": "food","quantity":0.2},
        {"id": "stone","quantity":0.1}
      ],
      "buildings":["Factory"]
    },
    {
      "id": "Produce Cable",
      "img": "data/task_produce.png",
      "production":[
        {"id": "cable","quantity":0.05}
      ],
      "consumption":[
        {"id": "food","quantity":0.2},
        {"id": "metal","quantity":0.02}
      ],
      "buildings":["Factory"]
    },
    {
      "id": "Produce Wood",
      "img": "data/task_produce.png",
      "production":[
        {"id": "wood","quantity":0.2}
      ],
      "consumption":[
        {"id": "food","quantity":0.2},
      ],
      "buildings":["Sawmill"]
    },
    {
      "id": "Produce Rocket Parts",
      "img": "data/task_produce.png",
      "production":[
        {"id": "rocket parts","quantity":0.1}
      ],
      "consumption":[
        {"id": "food","quantity":0.2},
        {"id": "metal","quantity":1}
      ],
      "buildings":["Big Factory"]
    },
    {
      "id": "Produce Rocket",
      "description": "Needed to launch rocket.",
      "img": "data/task_produce.png",
      "production":[
        {"id": "rocket progress","quantity":0.1}
      ],
      "consumption":[
        {"id": "food","quantity":0.2},
        {"id": "rocket parts","quantity":1},
        {"id": "cable","quantity":0.1}
      ],
      "buildings":["Rocket Factory"]
    },
    {
      "id": "Launch Rocket",
      "description": "Attempt to win the game.",
      "img": "data/task_produce.png",
      "initial cost":[{"id":"rocket progress", "quantity":1000}],
      "buildings":["Rocket Factory"]
    },
    {
      "id": "Construction Mid",
      "img": "data/task_construction.png",
      "terrain": [],
    },
    {
      "id": "Construction End",
      "img": "data/task_construction.png",
      "terrain": [],
    }
  ],

  "buildings":[
    {
      "id": "Homes",
      "img": ["house.png"],
      "obj": ["houses.obj"]
    },
    {
      "id": "Farm",
      "img": ["farm.png"],
      "obj": ["farm.obj"]
    },
    {
      "id": "Mine",
      "img": ["mine.png"],
      "obj": ["mine.obj"],
    },
    {
      "id": "Smelter",
      "img": ["smelter.png"],
      "obj": ["smelter.obj"]
    },
    {
      "id": "Factory",
      "img": ["factory.png"],
      "obj": ["factory.obj"]
    },
    {
      "id": "Big Factory",
      "img": ["big_factory.png"],
    },
    {
      "id": "Rocket Factory",
      "img": ["rocket_factory_empty.png",
              "rocket_factory_full.png"],
    },
    {
      "id": "Sawmill",
      "img": ["sawmill.png"],
      "obj": ["sawmill.obj"]
    },
    {
      "id": "Quarry",
      "img": ["quarry.png"],
      "obj": ["quarry.obj"]
    },
    {
      "id": "Construction",
      "img": ["construction_start.png",
              "construction_mid.png",
              "construction_end.png"],
      "obj": ["construction-start.obj",
              "construction-mid.obj",
              "construction-end.obj"]
    }
  ],

  "resources":[
    {
      "id": "food",
      "resource manager": 2
    },
    {
      "id": "wood",
      "resource manager": 2
    },
    {
      "id": "stone",
      "resource manager": 2
    },
    {
      "id": "metal",
      "resource manager": 2
    },
    {
      "id": "energy",
      "resource manager": 2
    },
    {
      "id": "concrete",
      "resource manager": 1
    },
    {
      "id": "cable",
      "resource manager": 1
    },
    {
      "id": "rocket parts",
      "resource manager": 1
    },
    {
      "id": "ore",
      "resource manager": 1
    },
    {
      "id": "rocket progress",
      "resource manager": 0
    },
    {
      "id": "civilians",
      "resource manager": 0
    },
  ],

  "tooltips":{
    "move button": "A party can only move if it has enough\nmovement points",
    "moving": "Move party ",
    "moving splitting": "Move the units selected",
    "moving turns": "%d turns",
    "merging": "merge units with party",
    "attacking": "Attack enemy party.\nThis action will cause a battle to occur.\nBoth parties are trapped in combat until one is eliminated. You have a %s%% chance of winning this battle.",
    "turns remaining": "The rate that an action is completed is affected\nby the number of units in a party\n(a square root relationship)."
  }
}
