
{
  "states":[
    {
      "id": "startup",
      "elements":[
        {
          "id": "new game",
          "type": "button",
          "x": -6,
          "y": 0,
          "w": 12,
          "h": 3,
          "text": "New Game",
          "new state": "new game",
        },
        {
          "id": "load game",
          "type": "button",
          "x": -6,
          "y": 4,
          "w": 12,
          "h": 3,
          "text": "Load Game",
          "new state": "load game"
        },
        {
          "id": "settings",
          "type": "button",
          "x": -6,
          "y": 8,
          "w": 12,
          "h": 3,
          "text": "Settings",
          "new state": "settings",
        },
        {
          "id": "exit",
          "type": "button",
          "x": -6,
          "y": 12,
          "w": 12,
          "h": 3,
          "text": "Exit",
        },
      ]
    },

    {
      "id": "settings",
      "title": "Settings",
      "elements":[
        {
          "id": "graphics options",
          "type": "button",
          "x": -6,
          "y": 0,
          "w": 12,
          "h": 3,
          "text": "Graphics Options",
          "new state": "graphics options"
        },
        {
          "id": "sound options",
          "type": "button",
          "x": -6,
          "y": 4,
          "w": 12,
          "h": 3,
          "text": "Sound Options",
          "new state": "sound options"
        },
        {
          "id": "game options",
          "type": "button",
          "x": -6,
          "y": 8,
          "w": 12,
          "h": 3,
          "text": "Game Options",
        },
        {
          "id": "back",
          "type": "button",
          "x": -6,
          "y": 12,
          "w": 12,
          "h": 3,
          "text": "Back",
          "new state": "startup"
        },
      ]
    },

    {
      "id": "new game",
      "title": "New Game",
      "elements":[
        {
          "id": "start",
          "type": "button",
          "x": -6,
          "y": 0,
          "w": 12,
          "h": 3,
          "text": "Start Game",
        },
        {
          "id": "water level",
          "flags": ["autosave"],
          "type": "slider",
          "x": -6,
          "y": 8,
          "w": 12,
          "h": 3,
          "text": "Water Level",
          "setting": "water level",
          "lower": 0,
          "upper": 0.75,
          "step": 0.05,
          "minor": 15,
          "major": 5,
        },
        {
          "id": "map size",
          "flags": ["autosave"],
          "type": "slider",
          "x": -6,
          "y": 4,
          "w": 12,
          "h": 3,
          "text": "Map Size",
          "setting": "map size",
          "lower": 50,
          "upper": 300,
          "step": 10,
          "minor": 25,
          "major": 5,
        },
        {
          "id": "back",
          "type": "button",
          "x": -6,
          "y": 12,
          "w": 12,
          "h": 3,
          "text": "Back",
          "new state": "startup"
        },
      ]
    },

    {
      "id": "load game",
      "title": "Load Game",
      "elements":[
        {
          "id": "back",
          "type": "button",
          "x": -6,
          "y": 12,
          "w": 12,
          "h": 3,
          "text": "Back",
          "new state": "startup",
        },
        {
          "id": "load",
          "type": "button",
          "x": -6,
          "y": 6,
          "w": 12,
          "h": 3,
          "text": "Load Game",
        },
      ]
    },

    {
      "id": "graphics options",
      "title": "Graphics Options",
      "elements":[
        {
          "id": "gui scale",
          "type": "slider",
          "x": -6,
          "y": 4,
          "w": 12,
          "h": 3,
          "text": "GUI Scale",
          "setting": "gui scale",
          "lower": 0.5,
          "upper": 1.5,
          "step": 0.05,
          "minor": 25,
          "major": 5,
        },
        {
          "id": "text scale",
          "type": "slider",
          "x": -6,
          "y": 8,
          "w": 12,
          "h": 3,
          "text": "Text Scale",
          "setting": "text scale",
          "lower": 0.8,
          "upper": 2,
          "step": 0.05,
          "minor": 24,
          "major": 6,
        },
        {
          "id": "forest density",
          "type": "dropdown",
          "x": -18,
          "y": 2,
          "w": 10,
          "h": 1,
          "text": "Forest Density",
          "setting": "forest density",
          "options": ["3", "5", "10", "20"],
          "options type": "ints",
        },
        {
          "id": "terrain texture res",
          "type": "dropdown",
          "x": -18,
          "y": -2,
          "w": 10,
          "h": 1,
          "text": "Terrain Texture Res",
          "setting": "terrain texture resolution",
          "options": ["16", "32", "64"],
          "options type": "ints",
        },
        {
          "id": "terrain detail",
          "type": "dropdown",
          "x": -18,
          "y": 0,
          "w": 10,
          "h": 1,
          "text": "Terrain Detail",
          "setting": "terrain detail",
          "options": ["1", "2", "4"],
          "options type": "ints",
        },
        {
          "id": "framerate cap",
          "flags": ["autosave"],
          "type": "tickbox",
          "x": -6,
          "y": 0,
          "w": 12,
          "h": 1,
          "text": "Framerate Cap",
          "setting" : "framerate cap"
        },
        {
          "id": "apply",
          "type": "button",
          "x": 7,
          "y": 12,
          "w": 12,
          "h": 3,
          "text": "Apply",
        },
        {
          "id": "revert",
          "type": "button",
          "x": -19,
          "y": 12,
          "w": 12,
          "h": 3,
          "text": "Revert",
        },
        {
          "id": "settings back",
          "type": "button",
          "x": -6,
          "y": 12,
          "w": 12,
          "h": 3,
          "text": "Back",
          "new state": "settings",
        },
      ]
    },

    {
      "id": "sound options",
      "title": "Sound Options",
      "elements":[
        {
          "id": "sound on",
          "flags": ["autosave"],
          "type": "tickbox",
          "x": -6,
          "y": 0,
          "w": 12,
          "h": 1,
          "text": "Sound On",
          "setting" : "sound on"
        },
        {
          "id": "volume",
          "flags": ["autosave"],
          "type": "slider",
          "x": -6,
          "y": 8,
          "w": 12,
          "h": 3,
          "text": "Volume",
          "setting": "volume",
          "lower": 0,
          "upper": 1,
          "step": 0.05,
          "minor": 20,
          "major": 5,
        },
        {
          "id": "settings back",
          "type": "button",
          "x": -6,
          "y": 12,
          "w": 12,
          "h": 3,
          "text": "Back",
          "new state": "settings",
        },
      ]
    },
  ],

  "default settings":[
    {"id": "gui scale", "value": 1.0, "type": "float"},
    {"id": "water level", "value": 0.35, "type": "float"},
    {"id": "map size", "value": 75, "type": "int"},
    {"id": "sound on", "value": false, "type": "boolean"},
    {"id": "volume", "value": 0.75, "type": "float"},
    {"id": "text scale", "value": 1.6, "type": "float"},
    {"id": "smoothing", "value": 3, "type": "int"},
    {"id": "map is 3d", "value": true, "type": "boolean"},
    {"id": "framerate cap", "value": true, "type": "boolean"},
    {"id": "ground spawns", "value": 100, "type": "int"},
    {"id": "forest density", "value": 5, "type": "int"},
    {"id": "terrain detail", "value": 2, "type": "int"},
    {"id": "terrain texture resolution", "value": 32, "type": "int"},
  ]
}
